,Salary,Bonus %,Avg_salary_Department
count,764.0,764.0,764.0
mean,90433.19633507854,10.148040575916228,90433.1969240838
std,32864.66528235602,5.608733239577543,2680.0748151678185
min,35013.0,1.015,85849.1
25%,62071.75,5.19325,88066.4
50%,90428.0,9.6585,90520.4
75%,118075.25,14.965,91724.82
max,149908.0,19.944,94519.08
